title,company,location,tags,salary,date_posted,job_url,source
Senior Software Engineer,Omada Health,USA,"software, design, technical, leader, senior, medical, health, engineer, digital nomad",,2026-03-10T16:00:07+00:00,https://remoteOK.com/remote-jobs/remote-senior-software-engineer-omada-health-1130714,RemoteOK
Territory Sales Representative Green Grass Southeast,Trackman A/S,Remote,"teaching, technical, software, growth, travel, education, management, sales",,2026-03-10T16:00:04+00:00,https://remoteOK.com/remote-jobs/remote-territory-sales-representative-green-grass-southeast-trackman-a-s-1130713,RemoteOK
Customer Service Representative Member Care,Sidecar Health,Remote,"system, medical, health, healthcare",,2026-03-10T13:00:04+00:00,https://remoteOK.com/remote-jobs/remote-customer-service-representative-member-care-sidecar-health-1130711,RemoteOK
Design Intern Summer 2026,BetterHelp,US,"design, designer, growth, web, marketing, go, health, digital nomad",,2026-03-10T10:00:06+00:00,https://remoteOK.com/remote-jobs/remote-design-intern-summer-2026-betterhelp-1130710,RemoteOK
Restaurant Account Manager,Sharebite,Remote,"manager, support, operations, operational",,2026-03-10T09:00:06+00:00,https://remoteOK.com/remote-jobs/remote-restaurant-account-manager-sharebite-1130709,RemoteOK
Journeyperson Electrician,Rising Edge Group,Halifax,"training, technical, testing, test, code, travel, microsoft, senior, legal, health",,2026-03-10T08:00:17+00:00,https://remoteOK.com/remote-jobs/remote-journeyperson-electrician-rising-edge-group-1130708,RemoteOK
Solutions Analytics Data Scientist,SentiLink,Austin,"python, technical, support, financial, fintech, analytics, go, health, engineering",,2026-03-10T08:00:11+00:00,https://remoteOK.com/remote-jobs/remote-solutions-analytics-data-scientist-sentilink-1130707,RemoteOK
Director of Community,ALX Africa,Remote,"director, students, training, support, software",,2026-03-10T06:00:23+00:00,https://remoteOK.com/remote-jobs/remote-director-of-community-alx-africa-1130705,RemoteOK
Data Scientist IV,GoGuardian,United States,"system, teaching, students, technical",,2026-03-10T00:01:14+00:00,https://remoteOK.com/remote-jobs/remote-data-scientist-iv-goguardian-1130703,RemoteOK
Senior Sales Engineer Majors West,Datadog,Remote,"senior, sales, engineer",,2026-03-10T00:01:04+00:00,https://remoteOK.com/remote-jobs/remote-senior-sales-engineer-majors-west-datadog-1130702,RemoteOK
Director Product Management,OraSure Technologies Inc.,Remote,"director, training, consult, support, growth, travel, voice, financial, c, leader, strategy, management, lead, senior, marketing, sales, health, recruitment, executive, full-time",,2026-03-10T00:00:56+00:00,https://remoteOK.com/remote-jobs/remote-director-product-management-orasure-technologies-inc-1130701,RemoteOK
Senior Configuration Analyst,Gravie,Remote,"analyst, support, testing, leader, senior, health, healthcare, non tech",,2026-03-10T00:00:49+00:00,https://remoteOK.com/remote-jobs/remote-senior-configuration-analyst-gravie-1130700,RemoteOK
Manager Strategic Partnerships,Mural Health,Remote - US,"manager, embedded, growth, director, senior, operational, medical, health",,2026-03-10T00:00:42+00:00,https://remoteOK.com/remote-jobs/remote-manager-strategic-partnerships-mural-health-1130699,RemoteOK
Staff Automation Engineer Internal Audit,IonQ,Remote,"design, full-stack, architect, testing, operational, engineer, engineering, digital nomad",,2026-03-10T00:00:27+00:00,https://remoteOK.com/remote-jobs/remote-staff-automation-engineer-internal-audit-ionq-1130698,RemoteOK
Temp Clinical Product Lead,Headspace,Remote,"design, lead, digital nomad",,2026-03-10T00:00:18+00:00,https://remoteOK.com/remote-jobs/remote-temp-clinical-product-lead-headspace-1130697,RemoteOK
Security Intern,"ezCater, Inc","Boston, MA","security, design, support, code, management, engineering, digital nomad",,2026-03-10T00:00:06+00:00,https://remoteOK.com/remote-jobs/remote-security-intern-ezcater-inc-1130696,RemoteOK
Rigging Technical Artist NBA 2K,2K,California,"python, game, technical, support, code, math, node, lead",,2026-03-09T22:00:13+00:00,https://remoteOK.com/remote-jobs/remote-rigging-technical-artist-nba-2k-2k-1130695,RemoteOK
Senior Software Engineer Python Django PostgreSQL and Vue.js,GHX,Remote,"python, django, software, design, saas, security, full-stack, technical, developer, testing, code, devops, cloud, git, postgresql, senior, operations, engineer, digital nomad",,2026-03-09T18:00:23+00:00,https://remoteOK.com/remote-jobs/remote-senior-software-engineer-python-django-postgresql-and-vue-js-ghx-1130694,RemoteOK
Head of Forward Deployment Engineering,Parloa,New York,"technical, growth, strategy, lead, senior, health, engineering",,2026-03-09T18:00:06+00:00,https://remoteOK.com/remote-jobs/remote-head-of-forward-deployment-engineering-parloa-1130693,RemoteOK
Customer Support Specialist,Cofactr,United States,"design, saas, technical, support, growth, strategy, management, operations, operational, digital nomad",,2026-03-09T17:00:06+00:00,https://remoteOK.com/remote-jobs/remote-customer-support-specialist-cofactr-1130692,RemoteOK
Executive Brand Operations,Gate,APAC-C1,"web3, cryptocurrency, voice, lead, content, operations, executive",,2026-03-09T12:00:02+00:00,https://remoteOK.com/remote-jobs/remote-executive-brand-operations-gate-1130691,RemoteOK
Senior Python Backend Engineer Mission Critical,Amstar Curacao,Remote,"dev, python, FastAPI, sql, linux, Pytest, Nginx, apache, javascript, react, VS Code, Remote Working, GitHub Actions",30000-50000,2026-03-09T10:34:28+00:00,https://remoteOK.com/remote-jobs/remote-senior-python-backend-engineer-mission-critical-amstar-curacao-1130690,RemoteOK
Frontend Engineer II Core Product,Pulley,Remote,"frontend, design, software, growth, web, management, engineer, backend, digital nomad",,2026-03-09T09:00:04+00:00,https://remoteOK.com/remote-jobs/remote-frontend-engineer-ii-core-product-pulley-1130687,RemoteOK
Security Engineer,Exodus Movement Inc.,Remote,"security, design, api, engineer, engineering, digital nomad",,2026-03-09T08:00:05+00:00,https://remoteOK.com/remote-jobs/remote-security-engineer-exodus-movement-inc-1130686,RemoteOK
Training & Assessment Assessor,Hunt St,Remote,"training, support, education, admin, management, content, non tech",,2026-03-09T08:00:03+00:00,https://remoteOK.com/remote-jobs/remote-training-assessment-assessor-hunt-st-1130685,RemoteOK
Product Operations Lead,Alpaca,Remote - Americas,"design, crypto, security, support, financial, investment, api, lead, operations, operational, digital nomad",,2026-03-09T07:00:07+00:00,https://remoteOK.com/remote-jobs/remote-product-operations-lead-alpaca-1130684,RemoteOK
Staff DevOps Engineer,"Crunchyroll, LLC",Los Angeles,"support, software, devops, cloud, lead, content, reliability, engineer, engineering",,2026-03-07T20:00:19+00:00,https://remoteOK.com/remote-jobs/remote-staff-devops-engineer-crunchyroll-llc-1130679,RemoteOK
Cloud Systems Engineer,Accenture Federal Services,"Tampa, FL","design, security, training, architect, technical, support, cloud, node, management, operational, health, engineer, digital nomad",,2026-03-07T20:00:08+00:00,https://remoteOK.com/remote-jobs/remote-cloud-systems-engineer-accenture-federal-services-1130678,RemoteOK
Engineering Manager Accelerator Platform,Anthropic,"San Francisco, CA | New York City, NY | Seattle, WA","manager, technical, software, cloud, operational, engineering",,2026-03-07T13:00:12+00:00,https://remoteOK.com/remote-jobs/remote-engineering-manager-accelerator-platform-anthropic-1130676,RemoteOK
Senior DevOps Engineer,ChowNow,Remote,"design, ansible, security, python, training, support, growth, code, voice, devops, education, banking, mobile, management, senior, sales, go, health, recruiting, engineer, engineering, recruitment, linux, e-commerce, digital nomad",,2026-03-07T00:01:33+00:00,https://remoteOK.com/remote-jobs/remote-senior-devops-engineer-chownow-1130673,RemoteOK
Associate Vice President Direct Mail Content,MissionWired,United States - Remote Flexibility,"training, support, leader, content, health, non tech",,2026-03-07T00:01:21+00:00,https://remoteOK.com/remote-jobs/remote-associate-vice-president-direct-mail-content-missionwired-1130672,RemoteOK
Staff Revenue Manager,Wheelhouse,United States,"manager, support, management",,2026-03-07T00:01:10+00:00,https://remoteOK.com/remote-jobs/remote-staff-revenue-manager-wheelhouse-1130671,RemoteOK
Senior Actuary Analyst,Imagine Pediatrics,Remote,"analyst, support, financial, senior, analytics, health, non tech",,2026-03-07T00:00:56+00:00,https://remoteOK.com/remote-jobs/remote-senior-actuary-analyst-imagine-pediatrics-1130670,RemoteOK
Product Manager of Integrated Care,Sleep Doctor,Remote,"manager, design, architect, technical, healthcare, engineering, digital nomad",,2026-03-07T00:00:47+00:00,https://remoteOK.com/remote-jobs/remote-product-manager-of-integrated-care-sleep-doctor-1130669,RemoteOK
Data Scientist,Attune,Remote,"support, operational, analytics, engineering",,2026-03-07T00:00:35+00:00,https://remoteOK.com/remote-jobs/remote-data-scientist-attune-1130668,RemoteOK
Referral Coordinator Health Systems Partnerships,Midi Health,Remote,"system, coordinator, support, management, operational, medical, health, healthcare",,2026-03-07T00:00:20+00:00,https://remoteOK.com/remote-jobs/remote-referral-coordinator-health-systems-partnerships-midi-health-1130667,RemoteOK
Engineering Manager,InStride Health,"Remote, US","manager, design, system, architect, technical, support, growth, voice, lead, medical, health, engineering, digital nomad",,2026-03-07T00:00:08+00:00,https://remoteOK.com/remote-jobs/remote-engineering-manager-instride-health-1130666,RemoteOK
Intern Procurement,Wealthsimple Technologies,Toronto,"system, technical, support, software, financial, finance, fintech, management, lead, health, recruitment, internship, full-time",42000-52000,2026-03-06T16:00:19+00:00,https://remoteOK.com/remote-jobs/remote-intern-procurement-wealthsimple-technologies-1130664,RemoteOK
Lead Native Android Developer LATAM Workstate,Workstate,Remote,"developer, mobile, lead, android, digital nomad",,2026-03-06T16:00:11+00:00,https://remoteOK.com/remote-jobs/remote-lead-native-android-developer-latam-workstate-workstate-1130663,RemoteOK
AI Product Manager,Tether Operations Limited,Remote,"manager, design, saas, crypto, bitcoin, training, technical, software, growth, financial, fintech, cloud, api, leader, management, lead, ops, operations, marketing, engineering, recruitment, executive, digital nomad",,2026-03-06T16:00:03+00:00,https://remoteOK.com/remote-jobs/remote-ai-product-manager-tether-operations-limited-1130662,RemoteOK
Senior Manager Platform Architecture,Temporal Technologies,United States,"manager, technical, developer, software, lead, senior, digital nomad",,2026-03-06T08:00:15+00:00,https://remoteOK.com/remote-jobs/remote-senior-manager-platform-architecture-temporal-technologies-1130656,RemoteOK
Jr Social Media Manager,Keywords Studios,Remote,"manager, copywriting, growth, strategy, management, content, junior",,2026-03-06T08:00:04+00:00,https://remoteOK.com/remote-jobs/remote-jr-social-media-manager-keywords-studios-1130655,RemoteOK
Forward Deployed Engineer,"Runpod, Inc.","Remote, EMEA","full-stack, technical, support, growth, code, cloud, management, operational, sales, engineer, engineering",,2026-03-06T07:00:06+00:00,https://remoteOK.com/remote-jobs/remote-forward-deployed-engineer-runpod-inc-1130654,RemoteOK
Backend Developer,AutoDS,Remote,"developer, back-end, python, reliability, backend, ecommerce, e-commerce, digital nomad",,2026-03-06T02:00:12+00:00,https://remoteOK.com/remote-jobs/remote-backend-developer-autods-1130651,RemoteOK
Senior Data Analyst,Velir,Remote,"analyst, consultancy, strategy, senior, analytics",,2026-03-05T23:00:28+00:00,https://remoteOK.com/remote-jobs/remote-senior-data-analyst-velir-1130650,RemoteOK
Staff Full Stack Engineer Contacts,Calendly,Remote - US,"design, system, technical, support, growth, director, lead, senior, engineer, engineering, digital nomad",,2026-03-05T23:00:14+00:00,https://remoteOK.com/remote-jobs/remote-staff-full-stack-engineer-contacts-calendly-1130649,RemoteOK
UX UI Designer,The Real Deal,Remote,"ui, ux, designer, support, education",,2026-03-05T22:14:41+00:00,https://remoteOK.com/remote-jobs/remote-ux-ui-designer-the-real-deal-1130648,RemoteOK
Accountant,Hologram,Remote,"accountant, saas, manager, accounting, financial, go",,2026-03-05T20:00:07+00:00,https://remoteOK.com/remote-jobs/remote-accountant-hologram-1130647,RemoteOK
Staff Accountant,1upHealth,Remote - US,"accountant, support, accounting, payroll, financial, sales, health, healthcare, non tech",,2026-03-05T19:00:05+00:00,https://remoteOK.com/remote-jobs/remote-staff-accountant-1uphealth-1130646,RemoteOK
Senior Software Engineer React,Creative Chaos,Remote,"react, software, design, jira, front-end, back-end, security, training, test, code, web, javascript, html, senior, engineer, engineering, digital nomad",,2026-03-05T16:00:14+00:00,https://remoteOK.com/remote-jobs/remote-senior-software-engineer-react-creative-chaos-1130645,RemoteOK
Mandarin Interpreter S,Two95 International Inc.,Remote,"ios, support",,2026-03-05T16:00:07+00:00,https://remoteOK.com/remote-jobs/remote-mandarin-interpreter-s-two95-international-inc-1130644,RemoteOK
Communications Manager,CertiK,US / Remote,"manager, web3, security, technical, support, travel, lead, sales, full-time",,2026-03-05T15:00:04+00:00,https://remoteOK.com/remote-jobs/remote-communications-manager-certik-1130643,RemoteOK
Sales Enablement Analyst Broker API,Alpaca,Remote,"analyst, crypto, training, support, financial, investment, fintech, api, operations, sales, non tech",,2026-03-05T11:00:07+00:00,https://remoteOK.com/remote-jobs/remote-sales-enablement-analyst-broker-api-alpaca-1130642,RemoteOK
Account Manager,DataKind,Remote,"manager, technical, director, travel, education, lead, health",75000-94000,2026-03-04T21:00:05+00:00,https://remoteOK.com/remote-jobs/remote-account-manager-datakind-1130641,RemoteOK
Tech lead,Ringbook,Remote,"engineer, senior, dev, exec",40000-50000,2026-03-04T18:13:14+00:00,https://remoteOK.com/remote-jobs/remote-tech-lead-ringbook-1130639,RemoteOK
DevOps Engineer,MEMX,Georgia; Singapore; Sri Lanka; Uzbekistan,"system, security, software, devops, operations, operational, engineer, linux",,2026-03-04T17:00:05+00:00,https://remoteOK.com/remote-jobs/remote-devops-engineer-memx-1130637,RemoteOK
Lab Technician,ICEYE,Finland,,,2026-03-04T16:00:04+00:00,https://remoteOK.com/remote-jobs/remote-lab-technician-iceye-1130636,RemoteOK
Senior Full Stack Engineer,Cybrid,Remote,"financial, fintech, banking, senior, engineer",,2026-03-04T08:00:21+00:00,https://remoteOK.com/remote-jobs/remote-senior-full-stack-engineer-cybrid-1130635,RemoteOK
VP Data and Analytics,Cobalt Service Partners,Remote,"security, software, growth, video, analytics",,2026-03-04T00:01:42+00:00,https://remoteOK.com/remote-jobs/remote-vp-data-and-analytics-cobalt-service-partners-1130633,RemoteOK
Growth Customer Success Lead,Embrace,United States - East Coast,"growth, design, frontend, architect, technical, web, mobile, leader, lead, executive, digital nomad",,2026-03-04T00:01:31+00:00,https://remoteOK.com/remote-jobs/remote-growth-customer-success-lead-embrace-1130632,RemoteOK
Senior Sales Enablement Program Manager,ChowNow,Remote,"manager, design, saas, training, support, growth, director, voice, education, banking, mobile, strategy, lead, senior, operations, marketing, sales, go, health, recruiting, recruitment, executive, digital nomad",,2026-03-04T00:01:20+00:00,https://remoteOK.com/remote-jobs/remote-senior-sales-enablement-program-manager-chownow-1130631,RemoteOK
Relationship Manager Northeast,Palmetto Clean Technology,Remote,"manager, financial, management, sales, non tech",,2026-03-04T00:01:12+00:00,https://remoteOK.com/remote-jobs/remote-relationship-manager-northeast-palmetto-clean-technology-1130630,RemoteOK
Project Manager Cloud Migrations and Partner Programs,"Striim, Inc.",Remote,"manager, salesforce, travel, cloud, microsoft, management, operational, analytics",,2026-03-04T00:01:01+00:00,https://remoteOK.com/remote-jobs/remote-project-manager-cloud-migrations-and-partner-programs-striim-inc-1130629,RemoteOK
Senior Open Source Intelligence Analyst,Concentric Advisors,"Seattle, Washington","analyst, embedded, security, training, consultancy, management, senior, executive",,2026-03-04T00:00:42+00:00,https://remoteOK.com/remote-jobs/remote-senior-open-source-intelligence-analyst-concentric-advisors-1130628,RemoteOK
Software Engineer,Pomelo Care,Remote,"software, react, front-end, technical, code, mobile, leader, health, healthcare, engineer, engineering",,2026-03-04T00:00:29+00:00,https://remoteOK.com/remote-jobs/remote-software-engineer-pomelo-care-1130627,RemoteOK
Senior Cloud Engineer,Kunai,United States,"full-stack, devops, financial, fintech, cloud, senior, engineer",,2026-03-04T00:00:17+00:00,https://remoteOK.com/remote-jobs/remote-senior-cloud-engineer-kunai-1130626,RemoteOK
Loan Officer,Figure,Remote,"support, financial, finance, fintech, strategy, operations, non tech",,2026-03-04T00:00:08+00:00,https://remoteOK.com/remote-jobs/remote-loan-officer-figure-1130625,RemoteOK
Senior Sound Designer,Eleventh Hour Games,Remote,"unity, designer, senior",,2026-03-03T22:00:26+00:00,https://remoteOK.com/remote-jobs/remote-senior-sound-designer-eleventh-hour-games-1130624,RemoteOK
Lead VFX Artist,Eleventh Hour Games,Remote,"vfx, technical, lead, engineering",,2026-03-03T22:00:12+00:00,https://remoteOK.com/remote-jobs/remote-lead-vfx-artist-eleventh-hour-games-1130623,RemoteOK
Cloud Architect,Accenture Federal Services,"Reston, VA","architect, design, security, training, technical, growth, serverless, cloud, management, lead, junior, health, engineering, digital nomad",,2026-03-03T21:00:19+00:00,https://remoteOK.com/remote-jobs/remote-cloud-architect-accenture-federal-services-1130620,RemoteOK
Contract Senior Gameplay Animator,ArenaNet,Bellevue,"design, game, technical, developer, animator, animation, content, senior, digital nomad",,2026-03-03T21:00:06+00:00,https://remoteOK.com/remote-jobs/remote-contract-senior-gameplay-animator-arenanet-1130619,RemoteOK
AI Data Specialist Chinese Simplified,RWS TrainAI,Singapore,"support, content",,2026-03-03T18:00:40+00:00,https://remoteOK.com/remote-jobs/remote-ai-data-specialist-chinese-simplified-rws-trainai-1130618,RemoteOK
AI Data Specialist Polish,RWS TrainAI,Warsaw,"support, content",,2026-03-03T18:00:21+00:00,https://remoteOK.com/remote-jobs/remote-ai-data-specialist-polish-rws-trainai-1130617,RemoteOK
Salesforce Administrator,GiveWell,United States,"salesforce, technical, support, administrator, management, reliability, health",,2026-03-03T18:00:12+00:00,https://remoteOK.com/remote-jobs/remote-salesforce-administrator-givewell-1130616,RemoteOK
Business Development Manager 3 months renewable,Coin Market Cap Ltd,Remote,"manager, crypto, cryptocurrency, api, operational, marketing, sales",,2026-03-03T18:00:01+00:00,https://remoteOK.com/remote-jobs/remote-business-development-manager-3-months-renewable-coin-market-cap-ltd-1130615,RemoteOK
Senior Frontend Engineer,Level,Remote,"engineer, dev, javascript, react, typescript, graphql, ai, front end",180000-180000,2026-03-03T17:34:49+00:00,https://remoteOK.com/remote-jobs/remote-senior-frontend-engineer-level-1130614,RemoteOK
Technical Support Engineer EMEA,Chainguard,Germany - Remote; United Kingdom - Remote,"teach, technical, support, code, engineer, engineering",,2026-03-03T17:00:17+00:00,https://remoteOK.com/remote-jobs/remote-technical-support-engineer-emea-chainguard-1130613,RemoteOK
Senior Engineering Manager Data Pipeline,Bloomreach,Slovakia,"manager, system, growth, qa, financial, senior, engineer, engineering, e-commerce, full-time",6000-0,2026-03-03T17:00:08+00:00,https://remoteOK.com/remote-jobs/remote-senior-engineering-manager-data-pipeline-bloomreach-1130612,RemoteOK
ParaView Expert,Weekday AI,Remote,,19-65,2026-03-03T16:00:39+00:00,https://remoteOK.com/remote-jobs/remote-paraview-expert-weekday-ai-1130610,RemoteOK
Staff Engineer Software Release and Packaging RISC V,Tenstorrent,Remote,"software, system, python, engineer, linux",,2026-03-03T16:00:31+00:00,https://remoteOK.com/remote-jobs/remote-staff-engineer-software-release-and-packaging-risc-v-tenstorrent-1130609,RemoteOK
Partnerships Success Manager,SimplyInsured,Remote,"manager, growth, lead, health",,2026-03-03T16:00:20+00:00,https://remoteOK.com/remote-jobs/remote-partnerships-success-manager-simplyinsured-1130608,RemoteOK
Senior Data Engineer,Federato,Remote,"support, software, senior, engineer, engineering",,2026-03-03T16:00:17+00:00,https://remoteOK.com/remote-jobs/remote-senior-data-engineer-federato-1130607,RemoteOK
Data Engineer,Mento,Remote,"embedded, growth, analytics, engineer, engineering",,2026-03-03T16:00:07+00:00,https://remoteOK.com/remote-jobs/remote-data-engineer-mento-1130606,RemoteOK
Senior Product Designer,XXIX,Remote,"senior, design, product designer",80000-120000,2026-03-03T15:59:05+00:00,https://remoteOK.com/remote-jobs/remote-senior-product-designer-xxix-1130605,RemoteOK
Crypto Market Operations Trainee,Begini,Remote,"other, crypto, finance, web3, bitcoin, education, blockchain, defi",50000-70000,2026-03-03T13:30:57+00:00,https://remoteOK.com/remote-jobs/remote-crypto-market-operations-trainee-begini-1130604,RemoteOK
Product Design Intern,Mercury,"San Francisco, CA","design, embedded, teach, students, designer, financial, banking, senior, internship, digital nomad",,2026-03-03T12:00:05+00:00,https://remoteOK.com/remote-jobs/remote-product-design-intern-mercury-1130603,RemoteOK
Senior Associate Institutional Giving,Team Rubicon,Remote,senior,,2026-03-03T08:00:29+00:00,https://remoteOK.com/remote-jobs/remote-senior-associate-institutional-giving-team-rubicon-1130601,RemoteOK
Channel Manager Team Lead United States,JumpCloud,"Denver, CO - Remote","manager, saas, security, technical, growth, voice, bank, management, lead, android, sales, recruitment, executive",,2026-03-03T08:00:20+00:00,https://remoteOK.com/remote-jobs/remote-channel-manager-team-lead-united-states-jumpcloud-1130600,RemoteOK
Director Business & Account Development West,Palmetto Clean Technology,Remote,"director, financial, management, sales",,2026-03-03T08:00:13+00:00,https://remoteOK.com/remote-jobs/remote-director-business-account-development-west-palmetto-clean-technology-1130599,RemoteOK
Freelance Creative Operations,Shook,Remote,"system, technical, operations, operational",,2026-03-03T08:00:03+00:00,https://remoteOK.com/remote-jobs/remote-freelance-creative-operations-shook-1130598,RemoteOK
Virtual Assistant Admin Social Media &amp; Brand Support for Luxury Jewelry Retail,Assist World,Remote,"assistant, design, support, admin, content, sales, executive, full-time, digital nomad",,2026-03-03T07:00:02+00:00,https://remoteOK.com/remote-jobs/remote-virtual-assistant-admin-social-media-amp-brand-support-for-luxury-jewelry-retail-assist-world-1130597,RemoteOK
Engineering Manager,EnergyHub,Remote,"manager, system, technical, software, ui, code, engineering",,2026-03-03T00:01:09+00:00,https://remoteOK.com/remote-jobs/remote-engineering-manager-energyhub-1130596,RemoteOK
Senior Human Resources Manager,Flatiron Energy,"Boulder/Denver, New York City, or Boston","manager, hr, training, growth, management, lead, senior, operations, reliability",,2026-03-03T00:00:53+00:00,https://remoteOK.com/remote-jobs/remote-senior-human-resources-manager-flatiron-energy-1130595,RemoteOK
Inbound Sales Agent,Storage360,Remote,"sales, non tech",18-0,2026-03-03T00:00:42+00:00,https://remoteOK.com/remote-jobs/remote-inbound-sales-agent-storage360-1130594,RemoteOK
Director Sales,Parachute Health,U. S.,"director, saas, system, growth, leader, strategy, lead, sales, medical, health",,2026-03-03T00:00:31+00:00,https://remoteOK.com/remote-jobs/remote-director-sales-parachute-health-1130593,RemoteOK
Account Executive Alcohol,Swiftly,United States (Remote),"saas, software, adult, c, management, senior, marketing, executive, e-commerce",,2026-03-03T00:00:21+00:00,https://remoteOK.com/remote-jobs/remote-account-executive-alcohol-swiftly-1130592,RemoteOK
Associate Product Manager,InvestorFlow,Remote - Santo Domingo,"manager, design, saas, support, growth, financial, investment, investor, fintech, strategy, management, senior, operational, analytics, sales, reliability, engineering, digital nomad",,2026-03-03T00:00:13+00:00,https://remoteOK.com/remote-jobs/remote-associate-product-manager-investorflow-1130591,RemoteOK
Sales Account Executive,Rewards Network,"Dallas, TX","growth, marketing, analytics, sales, executive",,2026-03-03T00:00:06+00:00,https://remoteOK.com/remote-jobs/remote-sales-account-executive-rewards-network-1130590,RemoteOK
Junior Live Ops Game Designer,A Thinking Ape,BC,"game, design, designer, mobile, strategy, content, senior, junior, digital nomad",,2026-02-28T21:00:14+00:00,https://remoteOK.com/remote-jobs/remote-junior-live-ops-game-designer-a-thinking-ape-1130577,RemoteOK
Senior Game Designer,Mob Entertainment,United States,"game, design, designer, technical, lead, content, senior, digital nomad",,2026-02-28T21:00:04+00:00,https://remoteOK.com/remote-jobs/remote-senior-game-designer-mob-entertainment-1130576,RemoteOK
